ag_update_date,ag_id,ag_name,ag_gender,ag_date_of_birth,ag_gov_id,ag_license_number,ag_license_issue_date,ag_license_expiry_date,ag_ctgry,ag_expertise_cd,ag_experience,ag_lang,ag_contact_number,ag_email,ag_address_line_1,ag_address_line_2,ag_address_line_3,ag_city,ag_district,ag_state,ag_country,ag_pin_code,ag_since,ag_service_area_type,ag_product,ag_sales_manager_id,ag_account_no
2025-08-12,AG1000,Pari Basak,M,1990-11-13,UID-102425863011,LIC/Ma/69741,2022-04-21,2028-03-21,CO,GEN,12,Hindi/English/Marathi,97650031312,pari49@example.com,38/61 Bhat Marg,Chaudhry Path,Street,Mumbai,Mumbai,Maharashtra,India,496810,2012-12-28,Urban,Life,SM1047,839782984040
2025-08-12,AG1002,Samarth Ramakrishnan,M,1993-08-06,VOTER-B335869,LIC/Ka/71834,2020-11-07,2028-01-15,CO,LFE,11,Hindi/English/Kannada,98555996849,samarth88@example.com,H.No. 836 Kata Marg,Dhar Street,Street,Mysore,Mysore,Karnataka,India,568266,2014-03-16,Rural,Motor,SM1022,073525440003
2025-08-12,AG1003,Shaan Grover,F,1970-12-31,VOTER-D249846,LIC/Ka/95205,2015-09-30,2029-02-17,BO,HLT,13,Hindi/English/Kannada,99735189180,shaan78@example.com,20/821- Garde Nagar,Mann Nagar,Street,Bangalore,Bangalore,Karnataka,India,587345,2011-12-25,Rural,Life,SM1000,752540082546
2025-08-12,AG1004,Armaan Sandal,F,1980-10-19,VOTER-D487301,LIC/Ma/18488,2022-11-13,2027-10-24,IM,GEN,18,Hindi/English/Marathi,98610757639,armaan26@example.com,H.No. 587- Krish Ganj,Chaudry Path,Street,Pune,Pune,Maharashtra,India,435572,2007-03-08,Rural,Health,SM1016,939367066130
2025-08-12,AG1005,Reyansh Deol,M,1980-05-13,ADHAR-5870-9076-6570,LIC/Ta/72373,2024-08-03,2029-05-12,PO,LFE,7,Hindi/English/Tamil,97866976792,reyansh84@example.com,60 Rao Road,Atwal Zila,Street,Chennai,Chennai,Tamil Nadu,India,674194,2017-12-28,Urban,Life,SM1023,140122329847
2025-08-12,AG1006,Myra Arora,F,1992-03-12,ADHAR-1702-9327-1071,LIC/We/71623,2025-06-20,2028-07-04,MI,GEN,1,Hindi/English/Bengali,99517265209,myra49@example.com,H.No. 495- Hans Ganj,Chakraborty Circle,Street,Kolkata,Kolkata,West Bengal,India,700931,2024-01-11,Urban,Combo,SM1016,669271433532
2025-08-12,AG1007,Manjari Lanka,M,1993-06-18,ADHAR-4602-8240-4030,LIC/De/73436,2022-07-10,2030-04-27,IM,LFE,4,Hindi/English,97225428480,manjari86@example.com,96/657 Manne Circle,Chad Marg,Street,New Delhi,New Delhi,Delhi,India,110052,2021-06-22,Urban,Combo,SM1030,085544563100
2025-08-12,AG1008,Zeeshan Borah,F,1993-05-11,UID-298278653835,LIC/We/40328,2020-08-27,2027-01-07,MI,HLT,13,Hindi/English/Bengali,98179461099,zeeshan76@example.com,H.No. 36 Rao,Salvi Street,Street,Kolkata,Kolkata,West Bengal,India,791171,2012-05-31,Urban,Combo,SM1024,675436005517
2025-08-12,AG1009,Stuvan Hegde,F,1999-11-03,ADHAR-7934-1907-3422,LIC/De/86564,2019-08-11,2029-12-11,BO,GEN,10,Hindi/English,97979574493,stuvan79@example.com,H.No. 962 Ramakrishnan Street,Sinha Ganj,Street,New Delhi,New Delhi,Delhi,India,110053,2015-07-10,Rural,Life,SM1009,449944476132
2025-08-12,AG1010,Divyansh Ben,F,1997-11-05,VOTER-C765615,LIC/We/26463,2020-06-10,2027-06-25,BO,LFE,7,Hindi/English/Bengali,98509889961,divyansh75@example.com,31/36 Borah Circle,Sarna Street,Street,Kolkata,Kolkata,West Bengal,India,731612,2018-05-17,Urban,Motor,SM1018,467003053582
2025-08-12,AG1011,Rania Kar,F,1996-03-21,ADHAR-9785-5754-3540,LIC/Ka/66873,2023-09-29,2026-01-17,BO,LFE,4,Hindi/English/Kannada,98588944657,rania82@example.com,29/997 Subramaniam,Goswami Street,Street,Mysore,Mysore,Karnataka,India,581496,2021-01-02,Rural,Motor,SM1038,398882928150
2025-08-12,AG1012,Mehul Sangha,M,1982-04-22,UID-649545945471,LIC/Ka/22858,2014-07-26,2027-07-30,MI,HLT,14,Hindi/English/Kannada,98562996886,mehul55@example.com,H.No. 029- Yadav Road,Grewal Street,Street,Mysore,Mysore,Karnataka,India,564964,2011-03-04,Rural,Health,SM1020,993028075927
2025-08-12,AG1013,Darshit Chawla,F,1992-12-07,ADHAR-2090-4311-8670,LIC/De/36891,2012-01-17,2028-01-05,CO,GEN,15,Hindi/English,98872123658,darshit43@example.com,H.No. 34 Thaker Nagar,Srinivas,Street,New Delhi,New Delhi,Delhi,India,110098,2010-06-30,Urban,Health,SM1044,151005968842
2025-08-12,AG1014,Renee Khanna,F,1986-10-28,ADHAR-9784-4574-9289,LIC/Ta/50220,2025-07-13,2026-03-21,MI,GEN,0,Hindi/English/Tamil,97068334070,renee15@example.com,704- Chowdhury Circle,Vasa Road,Street,Madurai,Madurai,Tamil Nadu,India,607415,2024-11-12,Rural,Combo,SM1038,568476623462
2025-08-12,AG1015,Aarav Kamdar,M,2002-01-10,VOTER-B571738,LIC/Ma/49850,2021-04-16,2025-09-22,CO,HLT,8,Hindi/English/Marathi,99082150831,aarav18@example.com,47/24 Solanki Street,Zacharia Nagar,Street,Mumbai,Mumbai,Maharashtra,India,460278,2017-07-07,Urban,Combo,SM1028,984838346031
2025-08-12,AG1016,Nakul Bahl,F,1973-03-22,VOTER-A900016,LIC/Ka/34817,2025-06-26,2029-12-01,MI,HLT,2,Hindi/English/Kannada,98301136061,nakul45@example.com,15- Dayal Street,Bhargava Marg,Street,Bangalore,Bangalore,Karnataka,India,577473,2022-10-13,Rural,Combo,SM1019,648115305197
2025-08-12,AG1017,Yasmin Kalla,M,1988-06-07,UID-310585532124,LIC/Ma/57711,2018-06-23,2027-11-30,PO,HLT,9,Hindi/English/Marathi,99756791470,yasmin54@example.com,79/448- Subramanian Chowk,Dugar Marg,Street,Mumbai,Mumbai,Maharashtra,India,404190,2015-09-01,Urban,Life,SM1019,203888416873
2025-08-12,AG1018,Emir Gole,M,1979-11-27,UID-687354624714,LIC/De/37826,2020-06-28,2029-12-30,MI,LFE,6,Hindi/English,99655051957,emir26@example.com,H.No. 90 Chandran Zila,Gopal Ganj,Street,New Delhi,New Delhi,Delhi,India,110084,2018-11-27,Rural,Motor,SM1020,336000506879
2025-08-12,AG1019,Hrishita Devan,F,1972-08-26,VOTER-E416822,LIC/Ka/15558,2024-03-06,2027-09-06,PO,LFE,5,Hindi/English/Kannada,99740750611,hrishita41@example.com,617- Kibe Circle,Sankar,Street,Mysore,Mysore,Karnataka,India,585860,2019-11-23,Rural,Combo,SM1043,064757336755
2025-08-12,AG1020,Samarth Sodhi,F,1971-09-22,VOTER-D321797,LIC/De/36615,2024-09-10,2027-01-23,PO,LFE,11,Hindi/English,97180959238,samarth92@example.com,31/65 Gole Chowk,Sachdeva Ganj,Street,New Delhi,New Delhi,Delhi,India,110012,2013-11-20,Urban,Motor,SM1032,091681150440
2025-08-12,AG1021,Lagan Bhat,F,2000-08-21,ADHAR-9576-9502-6567,LIC/We/60193,2009-11-30,2026-07-23,CO,HLT,19,Hindi/English/Bengali,99608856986,lagan99@example.com,H.No. 12 Garde Ganj,Dayal Path,Street,Kolkata,Kolkata,West Bengal,India,710515,2006-05-16,Rural,Motor,SM1030,489941896349
2025-08-12,AG1022,Dhanuk Doctor,M,1982-01-24,VOTER-E498056,LIC/Ta/91759,2022-09-30,2029-11-04,IM,HLT,8,Hindi/English/Tamil,98959226157,dhanuk43@example.com,112- Dhar,Bhalla Circle,Street,Chennai,Chennai,Tamil Nadu,India,695663,2016-10-15,Rural,Motor,SM1035,709458854913
2025-08-12,AG1023,Pranay Devi,F,1989-08-29,ADHAR-5944-6900-5803,LIC/We/23646,2021-10-08,2028-12-19,IM,LFE,8,Hindi/English/Bengali,99936967864,pranay67@example.com,H.No. 79 Sem Circle,Suresh Marg,Street,Kolkata,Kolkata,West Bengal,India,739017,2017-06-14,Urban,Health,SM1049,090219275467
2025-08-12,AG1024,Myra Bobal,M,1977-09-13,ADHAR-5989-4300-3628,LIC/Ta/39487,2022-04-28,2028-06-27,IM,HLT,18,Hindi/English/Tamil,97355491353,myra50@example.com,39/70 Wali Ganj,Kumer Circle,Street,Madurai,Madurai,Tamil Nadu,India,620637,2006-10-20,Rural,Motor,SM1041,852725156759
2025-08-12,AG1025,Ivana Mangat,M,1992-08-19,ADHAR-7143-2991-5837,LIC/Ma/56472,2022-01-02,2030-07-04,PO,HLT,5,Hindi/English/Marathi,99483535675,ivana52@example.com,016 Tripathi Zila,Toor Street,Street,Pune,Pune,Maharashtra,India,430101,2020-01-01,Rural,Combo,SM1022,956156110787
2025-08-12,AG1026,Indranil Chander,M,1978-05-04,UID-626219822707,LIC/Ma/44799,2018-07-22,2027-04-02,PO,LFE,12,Hindi/English/Marathi,98982652496,indranil98@example.com,18/13- Badami Chowk,Krishnan Circle,Street,Mumbai,Mumbai,Maharashtra,India,486003,2013-02-27,Urban,Health,SM1000,134300553716
2025-08-12,AG1027,Zain Date,F,1987-06-09,ADHAR-6253-8027-3318,LIC/Ka/20473,2007-01-17,2027-04-07,PO,LFE,19,Hindi/English/Kannada,99487399808,zain77@example.com,97/601- Gandhi Marg,Sagar,Street,Bangalore,Bangalore,Karnataka,India,562870,2006-04-10,Urban,Life,SM1046,794683533994
2025-08-12,AG1028,Himmat Barad,M,1979-11-15,UID-481600050353,LIC/De/21510,2018-10-04,2028-07-25,PO,LFE,7,Hindi/English,98021140453,himmat23@example.com,H.No. 005- D’Alia Circle,Apte Street,Street,New Delhi,New Delhi,Delhi,India,110033,2017-11-03,Rural,Life,SM1040,777699985892
2025-08-12,AG1029,Nitya Kamdar,M,1985-02-11,VOTER-C797888,LIC/De/75665,2024-05-18,2028-09-18,IM,LFE,10,Hindi/English,99819078563,nitya86@example.com,H.No. 863- Barman Road,Deshpande Street,Street,New Delhi,New Delhi,Delhi,India,110066,2015-08-03,Rural,Combo,SM1041,277700801605
2025-08-12,AG1030,Nayantara Barman,M,1980-01-07,UID-813779356490,LIC/Ma/36873,2008-09-13,2028-12-26,BO,GEN,18,Hindi/English/Marathi,99433184950,nayantara49@example.com,H.No. 840 Sanghvi Street,Dugar Road,Street,Nagpur,Nagpur,Maharashtra,India,490980,2007-05-27,Urban,Motor,SM1043,358019900352
2025-08-12,AG1031,Divyansh Taneja,F,1984-11-21,UID-457072753844,LIC/Ma/91701,2023-11-15,2029-03-25,IM,HLT,19,Hindi/English/Marathi,99241056157,divyansh77@example.com,H.No. 772- Swamy Road,Dutt Zila,Street,Nagpur,Nagpur,Maharashtra,India,401499,2005-10-01,Urban,Combo,SM1015,079078421399
2025-08-12,AG1032,Prisha Kade,F,1983-10-05,UID-976171122640,LIC/We/70139,2018-04-04,2028-09-14,BO,GEN,7,Hindi/English/Bengali,99806522816,prisha91@example.com,89- Kapoor Path,Maharaj Zila,Street,Howrah,Howrah,West Bengal,India,777815,2017-11-01,Urban,Life,SM1011,266508152256
2025-08-12,AG1033,Kaira Bawa,M,1970-03-31,VOTER-C494329,LIC/We/99373,2025-06-19,2027-06-16,PO,LFE,15,Hindi/English/Bengali,97931767849,kaira26@example.com,10/21- Dhar Chowk,Kapoor Ganj,Street,Howrah,Howrah,West Bengal,India,706622,2010-07-12,Urban,Combo,SM1045,300791870360
2025-08-12,AG1034,Aarush Saran,M,1965-03-17,ADHAR-5128-3518-9080,LIC/Ka/87547,2023-08-04,2027-09-28,BO,GEN,3,Hindi/English/Kannada,97310649805,aarush19@example.com,71/19- Vala,Mammen Road,Street,Mysore,Mysore,Karnataka,India,576262,2022-05-07,Urban,Combo,SM1004,761450153606
2025-08-12,AG1035,Hiran Boase,M,1979-05-27,VOTER-E616762,LIC/Ta/44342,2022-11-09,2025-12-26,IM,GEN,5,Hindi/English/Tamil,97713227204,hiran63@example.com,583 Swaminathan Circle,Kata Nagar,Street,Chennai,Chennai,Tamil Nadu,India,660872,2020-01-14,Urban,Health,SM1049,181034362526
2025-08-12,AG1036,Samiha Mahal,M,1993-12-24,UID-342386258722,LIC/Ka/40482,2024-02-19,2030-03-02,MI,HLT,2,Hindi/English/Kannada,99123568084,samiha45@example.com,55 Dhawan Street,Baral Chowk,Street,Bangalore,Bangalore,Karnataka,India,578583,2023-07-02,Rural,Combo,SM1022,474168056231
2025-08-12,AG1037,Aarav Suresh,F,1983-07-04,ADHAR-2039-7576-2461,LIC/Ka/89674,2011-08-15,2026-11-14,CO,HLT,15,Hindi/English/Kannada,98473830462,aarav55@example.com,15/17- Sodhi Zila,Khalsa,Street,Bangalore,Bangalore,Karnataka,India,569256,2010-03-20,Rural,Combo,SM1021,415889722503
2025-08-12,AG1038,Kiara Bobal,F,1965-03-14,ADHAR-8486-9954-8651,LIC/Ka/26462,2020-06-07,2027-02-10,BO,GEN,7,Hindi/English/Kannada,98436751834,kiara92@example.com,H.No. 452 Sarna Path,Ramesh,Street,Mysore,Mysore,Karnataka,India,585157,2018-03-28,Urban,Combo,SM1028,795553099877
2025-08-12,AG1039,Rhea Krishna,F,1988-03-08,VOTER-B140072,LIC/Ma/38736,2024-08-21,2028-03-15,CO,HLT,4,Hindi/English/Marathi,99927578951,rhea81@example.com,46/780 Divan Nagar,Shah Nagar,Street,Nagpur,Nagpur,Maharashtra,India,447842,2021-06-29,Urban,Combo,SM1000,948976908210
2025-08-12,AG1040,Aarush Shukla,F,1969-03-29,UID-267080943497,LIC/Ta/87571,2020-07-02,2026-07-02,BO,LFE,16,Hindi/English/Tamil,99233925318,aarush27@example.com,88 Gole,Barad Zila,Street,Coimbatore,Coimbatore,Tamil Nadu,India,612126,2009-08-07,Urban,Health,SM1031,168355434108
2025-08-12,AG1041,Trisha Shere,M,1975-01-10,VOTER-B393324,LIC/Ka/24799,2023-06-08,2028-03-09,CO,HLT,15,Hindi/English/Kannada,98518663900,trisha66@example.com,127 Rao Nagar,Sinha Street,Street,Mysore,Mysore,Karnataka,India,560138,2010-07-24,Rural,Health,SM1021,009432820202
2025-08-12,AG1042,Hrishita Chaudhuri,F,1978-03-04,UID-353311793287,LIC/Ma/44553,2024-11-13,2028-11-11,BO,HLT,16,Hindi/English/Marathi,97287728272,hrishita76@example.com,H.No. 577 Mahal,Kunda Marg,Street,Nagpur,Nagpur,Maharashtra,India,431177,2009-06-29,Urban,Life,SM1001,170063596439
2025-08-12,AG1043,Shayak Bhandari,F,1976-02-19,VOTER-B380378,LIC/Ta/96602,2024-01-14,2028-05-21,PO,LFE,17,Hindi/English/Tamil,99928620419,shayak51@example.com,H.No. 41 Dua Chowk,Tella Ganj,Street,Chennai,Chennai,Tamil Nadu,India,604957,2008-06-02,Urban,Combo,SM1022,382861267915
2025-08-12,AG1044,Abram Thakkar,M,1997-03-29,UID-621443761869,LIC/Ta/42254,2022-06-02,2025-09-17,MI,GEN,4,Hindi/English/Tamil,98946512343,abram34@example.com,446 Devan Chowk,Hayre Road,Street,Madurai,Madurai,Tamil Nadu,India,686333,2021-06-27,Urban,Motor,SM1004,608302362758
2025-08-12,AG1045,Anahita Setty,M,1990-05-13,ADHAR-3696-7039-4413,LIC/We/74689,2012-09-25,2027-10-17,BO,HLT,18,Hindi/English/Bengali,97203424237,anahita24@example.com,69/578- Bhasin Road,Devan Zila,Street,Kolkata,Kolkata,West Bengal,India,783860,2007-05-31,Urban,Health,SM1029,501142309253
2025-08-12,AG1046,Hunar Sagar,M,1982-09-03,UID-804385078071,LIC/Ka/17942,2019-03-17,2025-10-27,BO,GEN,7,Hindi/English/Kannada,98024427847,hunar88@example.com,29- Jhaveri Marg,Mann Chowk,Street,Mysore,Mysore,Karnataka,India,560362,2017-09-27,Urban,Motor,SM1033,919123982975
2025-08-12,AG1047,Saksham Sama,F,1998-05-10,ADHAR-4895-9731-9576,LIC/Ta/60108,2023-09-14,2026-01-10,BO,HLT,4,Hindi/English/Tamil,98625729267,saksham86@example.com,92/329 Saxena Street,Dyal Marg,Street,Chennai,Chennai,Tamil Nadu,India,640528,2020-08-16,Rural,Life,SM1024,564743456291
2025-08-12,AG1048,Riya Sur,M,1991-03-21,UID-981872505240,LIC/We/52490,2025-08-07,2026-04-10,PO,LFE,0,Hindi/English/Bengali,97894892250,riya10@example.com,42/864 Batta Marg,Sabharwal Path,Street,Howrah,Howrah,West Bengal,India,753197,2024-11-11,Urban,Life,SM1039,336120628940
2025-08-12,AG1049,Yuvraj  Mand,M,1970-09-12,UID-600595482924,LIC/Ta/65002,2019-03-19,2030-06-11,MI,GEN,6,Hindi/English/Tamil,98703159504,yuvraj16@example.com,671- Thakur Path,Balay,Street,Coimbatore,Coimbatore,Tamil Nadu,India,696801,2018-10-07,Rural,Combo,SM1040,179386051017
2025-08-12,AG1050,Aaryahi Chowdhury,F,1998-05-12,VOTER-E698272,LIC/De/61338,2018-07-31,2030-03-14,CO,LFE,17,Hindi/English,99262384816,aaryahi45@example.com,52/125- Sachdeva Path,Sanghvi Zila,Street,New Delhi,New Delhi,Delhi,India,110038,2008-02-10,Urban,Combo,SM1009,876179321218
2025-08-12,AG1051,Mamooty Bala,F,1967-05-03,ADHAR-5183-1797-6204,LIC/De/72367,2011-10-28,2029-04-07,BO,LFE,15,Hindi/English,99005992198,mamooty72@example.com,28- Banik Circle,Basak Marg,Street,New Delhi,New Delhi,Delhi,India,110098,2010-03-06,Rural,Health,SM1035,054775375169
2025-08-12,AG1052,Baiju Sidhu,M,2003-06-10,UID-920404338807,LIC/We/54474,2023-04-16,2027-04-11,BO,GEN,15,Hindi/English/Bengali,98231144525,baiju38@example.com,75/293- Varkey Circle,Krishnamurthy,Street,Kolkata,Kolkata,West Bengal,India,780756,2010-06-29,Rural,Life,SM1010,268369116857
2025-08-12,AG1053,Aayush Samra,F,1989-09-22,UID-683178228733,LIC/We/19124,2020-07-11,2026-07-01,IM,LFE,14,Hindi/English/Bengali,97292360144,aayush57@example.com,H.No. 19- Chandran Path,Kakar Ganj,Street,Howrah,Howrah,West Bengal,India,741938,2010-11-29,Urban,Combo,SM1043,509547623733
2025-08-12,AG1054,Neysa Shere,M,1981-09-26,ADHAR-7019-3595-7737,LIC/We/95694,2023-11-08,2028-11-17,PO,LFE,6,Hindi/English/Bengali,97333566630,neysa57@example.com,H.No. 22- Dixit Zila,Dhingra Nagar,Street,Howrah,Howrah,West Bengal,India,709877,2019-02-17,Urban,Combo,SM1016,265945646240
2025-08-12,AG1055,Shray Mahajan,F,2002-08-19,VOTER-E920870,LIC/We/65114,2019-09-17,2028-01-13,MI,GEN,10,Hindi/English/Bengali,98613441274,shray85@example.com,93/31- Tella Zila,Dyal Path,Street,Howrah,Howrah,West Bengal,India,774624,2015-06-23,Urban,Motor,SM1019,078488109313
2025-08-12,AG1056,Emir Roy,F,2000-05-31,VOTER-D847255,LIC/We/30824,2021-05-26,2028-10-31,MI,HLT,18,Hindi/English/Bengali,97864772877,emir49@example.com,H.No. 34 Din Marg,Bhakta Circle,Street,Kolkata,Kolkata,West Bengal,India,746025,2007-02-13,Urban,Combo,SM1018,588492526361
2025-08-12,AG1057,Hunar Seshadri,F,1989-05-30,ADHAR-6388-7721-3136,LIC/De/69417,2023-01-21,2025-12-13,BO,GEN,5,Hindi/English,99822218846,hunar75@example.com,H.No. 80- Tak Street,Iyengar Chowk,Street,New Delhi,New Delhi,Delhi,India,110043,2019-12-16,Urban,Motor,SM1007,841151983558
2025-08-12,AG1058,Kismat Sachar,F,1992-12-16,UID-880174413375,LIC/De/90185,2024-02-24,2028-01-07,PO,HLT,6,Hindi/English,98384737999,kismat12@example.com,763- Dar Road,Raval Road,Street,New Delhi,New Delhi,Delhi,India,110068,2019-05-19,Rural,Motor,SM1012,221097389251
2025-08-12,AG1059,Navya Bobal,F,1966-02-13,VOTER-A767762,LIC/We/60749,2021-09-22,2026-07-18,MI,GEN,8,Hindi/English/Bengali,98506161790,navya17@example.com,H.No. 737 Bakshi Zila,Bhatt Nagar,Street,Kolkata,Kolkata,West Bengal,India,726255,2016-12-16,Urban,Motor,SM1018,672334691844
2025-08-12,AG1060,Tanya Srivastava,F,1964-09-30,ADHAR-8932-5667-6112,LIC/We/96385,2017-09-22,2026-12-02,IM,HLT,16,Hindi/English/Bengali,98394660898,tanya73@example.com,948 Deo Nagar,Sant,Street,Howrah,Howrah,West Bengal,India,783783,2009-04-06,Rural,Health,SM1031,300636552536
2025-08-12,AG1061,Devansh Anne,F,1992-10-10,VOTER-C376851,LIC/We/33579,2015-12-02,2027-10-09,MI,HLT,9,Hindi/English/Bengali,98399899749,devansh14@example.com,17/01- Banerjee Road,Setty Nagar,Street,Kolkata,Kolkata,West Bengal,India,745490,2015-10-29,Urban,Combo,SM1003,105188352042
2025-08-12,AG1062,Aaina Gupta,F,1978-08-17,ADHAR-4215-7333-7310,LIC/Ta/96530,2018-11-05,2026-01-15,MI,HLT,9,Hindi/English/Tamil,98835523160,aaina81@example.com,89/668- Cheema Road,Shukla Ganj,Street,Coimbatore,Coimbatore,Tamil Nadu,India,626438,2015-12-06,Urban,Health,SM1041,689294097929
2025-08-12,AG1063,Shlok Bansal,M,1984-03-06,VOTER-D530503,LIC/Ma/98967,2024-10-13,2028-10-09,IM,LFE,11,Hindi/English/Marathi,97805820782,shlok39@example.com,484- Chawla Chowk,Wason,Street,Nagpur,Nagpur,Maharashtra,India,476620,2013-09-01,Urban,Motor,SM1004,140871029694
2025-08-12,AG1064,Pari Khanna,M,2002-05-02,UID-486096325463,LIC/Ka/76725,2019-05-27,2028-01-13,CO,LFE,11,Hindi/English/Kannada,99631737059,pari49@example.com,H.No. 430- Baral Nagar,Bala Street,Street,Bangalore,Bangalore,Karnataka,India,565582,2013-11-03,Rural,Motor,SM1012,685508144423
2025-08-12,AG1065,Chirag Shenoy,F,1982-03-18,VOTER-B512412,LIC/Ta/28518,2020-01-29,2029-03-01,CO,GEN,10,Hindi/English/Tamil,99774187187,chirag73@example.com,85/884 Singh Path,Chacko Nagar,Street,Chennai,Chennai,Tamil Nadu,India,638964,2015-01-15,Urban,Motor,SM1017,849825123516
2025-08-12,AG1066,Nehmat Ganesan,F,1970-09-21,ADHAR-9019-9782-7474,LIC/We/82787,2023-04-16,2026-10-08,PO,GEN,8,Hindi/English/Bengali,97867543729,nehmat19@example.com,49/44 Ram Circle,Handa Marg,Street,Howrah,Howrah,West Bengal,India,731906,2017-04-30,Urban,Health,SM1023,982919933937
2025-08-12,AG1067,Shalv Deep,F,1986-01-02,UID-441895506727,LIC/De/37434,2023-03-17,2026-01-01,CO,HLT,4,Hindi/English,98481162339,shalv44@example.com,H.No. 68- Sant,Seshadri Marg,Street,New Delhi,New Delhi,Delhi,India,110048,2020-11-20,Urban,Health,SM1010,623896936061
2025-08-12,AG1068,Aarav Kurian,M,1979-11-20,ADHAR-2467-5841-5413,LIC/Ka/58724,2016-10-09,2026-03-16,BO,LFE,9,Hindi/English/Kannada,98035443125,aarav29@example.com,209- Konda Path,Agarwal Zila,Street,Bangalore,Bangalore,Karnataka,India,582194,2016-02-12,Urban,Health,SM1000,721593833258
2025-08-12,AG1069,Diya Sagar,F,1965-02-06,ADHAR-9424-3739-1906,LIC/Ta/50976,2025-03-03,2028-01-05,MI,GEN,3,Hindi/English/Tamil,97113539579,diya44@example.com,88/15- Kohli Ganj,Krishna Street,Street,Chennai,Chennai,Tamil Nadu,India,617636,2022-08-09,Urban,Health,SM1027,295428334093
2025-08-12,AG1070,Ayesha Barad,M,1999-09-17,ADHAR-2685-5001-3167,LIC/Ka/54388,2022-04-28,2027-02-10,IM,LFE,7,Hindi/English/Kannada,99291290208,ayesha29@example.com,H.No. 95 Korpal Nagar,Krish Marg,Street,Mysore,Mysore,Karnataka,India,573067,2017-11-29,Urban,Motor,SM1008,333051281702
2025-08-12,AG1071,Aarav Agarwal,M,1992-12-14,VOTER-D190858,LIC/Ka/62342,2016-07-03,2027-01-01,IM,HLT,16,Hindi/English/Kannada,97848251191,aarav38@example.com,338- Sen Nagar,Kant Nagar,Street,Bangalore,Bangalore,Karnataka,India,569231,2009-01-25,Urban,Motor,SM1019,417000489734
2025-08-12,AG1072,Indranil Aggarwal,M,1985-01-22,UID-524589770406,LIC/De/62639,2024-01-28,2029-06-17,MI,LFE,7,Hindi/English,98144565999,indranil84@example.com,H.No. 01 Walla Zila,Warrior,Street,New Delhi,New Delhi,Delhi,India,110031,2018-07-07,Urban,Combo,SM1015,597652936445
2025-08-12,AG1073,Rasha Garde,F,1994-06-13,UID-790148523690,LIC/Ma/25935,2018-07-01,2026-05-27,PO,HLT,8,Hindi/English/Marathi,98488694087,rasha45@example.com,21/61- Kashyap Ganj,Kaul Zila,Street,Mumbai,Mumbai,Maharashtra,India,411303,2017-02-06,Rural,Life,SM1030,130225325710
2025-08-12,AG1074,Nitara Wable,M,1992-09-18,ADHAR-8884-1733-7594,LIC/Ka/38371,2021-01-27,2027-02-12,MI,HLT,11,Hindi/English/Kannada,97189703005,nitara13@example.com,97/789- Sur Road,Manda Zila,Street,Mysore,Mysore,Karnataka,India,563429,2013-10-31,Urban,Health,SM1035,222740629452
2025-08-12,AG1075,Dharmajan Balasubramanian,M,1987-05-24,UID-950728846955,LIC/Ta/44378,2022-03-18,2029-10-28,CO,LFE,5,Hindi/English/Tamil,98466044840,dharmajan17@example.com,H.No. 40- Vasa Path,Sem Path,Street,Coimbatore,Coimbatore,Tamil Nadu,India,651704,2020-04-07,Rural,Life,SM1025,653855799095
2025-08-12,AG1076,Armaan Kapoor,F,1983-02-02,ADHAR-6350-2047-1398,LIC/Ma/18832,2010-09-04,2029-07-22,IM,HLT,16,Hindi/English/Marathi,99411255921,armaan37@example.com,69/468 Rana Road,Trivedi Ganj,Street,Pune,Pune,Maharashtra,India,487539,2009-04-19,Urban,Health,SM1038,329248629298
2025-08-12,AG1077,Siya Chokshi,M,2000-09-22,ADHAR-2475-7240-8610,LIC/De/35590,2021-12-26,2027-11-15,IM,GEN,10,Hindi/English,98219359528,siya54@example.com,78 Zachariah Zila,Buch Chowk,Street,New Delhi,New Delhi,Delhi,India,110031,2015-01-16,Rural,Health,SM1022,617710199236
2025-08-12,AG1078,Madhup Thakkar,M,1987-12-14,VOTER-A887759,LIC/De/96845,2023-10-06,2027-05-08,PO,LFE,2,Hindi/English,97942932879,madhup83@example.com,02/56 Chaudhry Road,Bhatt Path,Street,New Delhi,New Delhi,Delhi,India,110074,2022-09-14,Rural,Motor,SM1049,049066256576
2025-08-12,AG1079,Nishith Soman,F,1993-04-25,UID-974888874899,LIC/Ma/49143,2022-10-20,2026-04-28,CO,HLT,4,Hindi/English/Marathi,97304105578,nishith42@example.com,57/24 Samra Path,Badal,Street,Mumbai,Mumbai,Maharashtra,India,443371,2021-07-09,Rural,Combo,SM1027,359582041213
2025-08-12,AG1080,Ivana Shan,M,1988-08-19,ADHAR-5113-9246-5831,LIC/De/39017,2022-09-06,2027-08-17,BO,HLT,17,Hindi/English,97944784426,ivana10@example.com,H.No. 96 Sodhi Chowk,Deep Path,Street,New Delhi,New Delhi,Delhi,India,110026,2008-08-05,Urban,Motor,SM1041,304510180781
2025-08-12,AG1081,Amira Madan,F,1973-08-05,VOTER-E460766,LIC/Ta/43243,2024-07-13,2026-05-28,IM,HLT,1,Hindi/English/Tamil,98925299713,amira82@example.com,93/507- Dasgupta Circle,Madan Nagar,Street,Madurai,Madurai,Tamil Nadu,India,622709,2024-02-03,Urban,Health,SM1010,360590528888
2025-08-12,AG1082,Vedika Handa,M,1985-06-11,UID-205639061713,LIC/Ma/91293,2024-12-21,2028-02-10,MI,LFE,9,Hindi/English/Marathi,98733986934,vedika87@example.com,91 Sule Nagar,Bahri Circle,Street,Nagpur,Nagpur,Maharashtra,India,498069,2016-06-20,Rural,Combo,SM1023,490237143024
2025-08-12,AG1083,Diya Chopra,M,1968-11-17,VOTER-B811790,LIC/Ka/78948,2013-01-08,2027-10-19,BO,GEN,17,Hindi/English/Kannada,97826349502,diya25@example.com,60/921 Sule Marg,Kurian Marg,Street,Bangalore,Bangalore,Karnataka,India,580657,2007-11-23,Urban,Health,SM1027,218625875350
2025-08-12,AG1084,Amani Bansal,M,1993-05-04,ADHAR-1636-1279-1908,LIC/Ma/49921,2011-12-22,2028-10-11,MI,LFE,16,Hindi/English/Marathi,99140989866,amani79@example.com,H.No. 678 Borde Ganj,Raval Circle,Street,Nagpur,Nagpur,Maharashtra,India,405196,2008-10-12,Urban,Life,SM1042,513632502364
2025-08-12,AG1085,Indrans Ghosh,M,1972-04-15,UID-722252363961,LIC/De/20161,2025-06-27,2026-08-28,BO,HLT,1,Hindi/English,98101784140,indrans96@example.com,49 Tripathi Chowk,Acharya Nagar,Street,New Delhi,New Delhi,Delhi,India,110080,2024-07-27,Urban,Combo,SM1019,337373088190
2025-08-12,AG1086,Nayantara Gupta,F,1968-05-19,UID-836852578287,LIC/We/36050,2018-06-27,2026-09-16,BO,HLT,7,Hindi/English/Bengali,98382389623,nayantara69@example.com,58/474 Bakshi Circle,Tiwari Road,Street,Kolkata,Kolkata,West Bengal,India,740843,2018-06-16,Rural,Motor,SM1039,332370810446
2025-08-12,AG1087,Sara Chandran,F,1994-02-10,ADHAR-9760-7937-1352,LIC/Ka/89270,2023-02-23,2027-02-18,CO,LFE,3,Hindi/English/Kannada,97849313294,sara16@example.com,H.No. 880 Gole,Baral Road,Street,Mysore,Mysore,Karnataka,India,572026,2021-09-14,Rural,Motor,SM1023,182929145775
2025-08-12,AG1088,Rhea Ramesh,F,1991-09-10,ADHAR-5892-3298-1401,LIC/Ka/97146,2025-04-14,2029-04-29,IM,GEN,12,Hindi/English/Kannada,99222810381,rhea46@example.com,409- Roy Ganj,Tella Marg,Street,Mysore,Mysore,Karnataka,India,569510,2013-08-14,Urban,Health,SM1033,477428212449
2025-08-12,AG1089,Shaan Ramachandran,M,1981-04-03,ADHAR-2471-1240-5235,LIC/Ka/21962,2023-10-08,2026-12-23,IM,HLT,6,Hindi/English/Kannada,99337630463,shaan11@example.com,H.No. 14 Sule Nagar,Khare Ganj,Street,Mysore,Mysore,Karnataka,India,577599,2019-02-25,Urban,Health,SM1034,566749373608
2025-08-12,AG1090,Neelofar Sathe,M,1994-10-05,ADHAR-7327-2561-9547,LIC/We/62188,2021-12-18,2029-07-17,BO,HLT,12,Hindi/English/Bengali,99087685193,neelofar50@example.com,H.No. 137- Sangha Street,Brahmbhatt Circle,Street,Howrah,Howrah,West Bengal,India,708274,2013-04-26,Urban,Combo,SM1032,273666612779
2025-08-12,AG1091,Nitya Mand,F,1994-03-24,ADHAR-5761-7706-1406,LIC/Ta/36295,2015-03-21,2028-07-10,MI,GEN,11,Hindi/English/Tamil,97619439889,nitya57@example.com,H.No. 827- Kashyap Circle,Kumer Street,Street,Madurai,Madurai,Tamil Nadu,India,656230,2014-07-20,Urban,Motor,SM1045,550168543971
2025-08-12,AG1092,Mannat Koshy,F,1965-03-14,VOTER-B865692,LIC/Ma/81775,2023-05-24,2027-05-06,PO,HLT,3,Hindi/English/Marathi,98981674273,mannat39@example.com,87 Soman Street,Rajan Ganj,Street,Nagpur,Nagpur,Maharashtra,India,478113,2022-04-15,Urban,Motor,SM1036,914457576165
2025-08-12,AG1093,Prerak Deol,M,1991-08-12,UID-704285184773,LIC/Ta/31276,2020-03-12,2027-10-16,PO,GEN,10,Hindi/English/Tamil,98619473145,prerak90@example.com,35/685 Sharma Zila,Bali,Street,Coimbatore,Coimbatore,Tamil Nadu,India,650353,2015-04-25,Urban,Life,SM1015,554754152760
2025-08-12,AG1094,Reyansh Gandhi,F,1985-02-01,UID-786269602754,LIC/We/81463,2020-03-29,2030-02-22,IM,GEN,5,Hindi/English/Bengali,98130165535,reyansh55@example.com,H.No. 844- Ram,Suresh Road,Street,Howrah,Howrah,West Bengal,India,798897,2020-03-26,Urban,Life,SM1013,087950137343
2025-08-12,AG1095,Diya Das,F,1974-09-01,UID-311479542795,LIC/Ka/18861,2025-04-17,2030-03-12,IM,LFE,9,Hindi/English/Kannada,99298044174,diya48@example.com,47- Dutt Chowk,Kadakia Marg,Street,Bangalore,Bangalore,Karnataka,India,583790,2016-03-08,Urban,Combo,SM1032,226797820622
2025-08-12,AG1096,Saksham Joshi,M,1992-02-05,UID-191992348818,LIC/De/58182,2008-04-03,2028-08-05,PO,HLT,18,Hindi/English,99040363577,saksham37@example.com,68- Ramanathan Nagar,Kurian,Street,New Delhi,New Delhi,Delhi,India,110083,2007-01-26,Urban,Motor,SM1023,133017698805
2025-08-12,AG1097,Nirvaan Ramachandran,F,1970-12-23,ADHAR-2147-4335-1829,LIC/Ta/68558,2025-04-12,2028-05-04,IM,GEN,3,Hindi/English/Tamil,99090872212,nirvaan84@example.com,60/138 Varma,Bumb Ganj,Street,Chennai,Chennai,Tamil Nadu,India,644914,2021-09-27,Urban,Combo,SM1001,089644391171
2025-08-12,AG1098,Kiara Ramakrishnan,M,1994-05-26,ADHAR-4358-1512-8313,LIC/Ka/87767,2017-12-06,2027-10-11,CO,HLT,17,Hindi/English/Kannada,98430065968,kiara16@example.com,694 Sastry Ganj,Luthra Nagar,Street,Bangalore,Bangalore,Karnataka,India,587491,2008-06-14,Rural,Life,SM1023,030783345429
2025-08-12,AG1099,Anay Ray,F,2000-09-24,ADHAR-7243-7555-2924,LIC/Ma/39191,2008-04-09,2026-06-25,CO,LFE,19,Hindi/English/Marathi,97626050125,anay32@example.com,45/32 Gala,Hegde,Street,Nagpur,Nagpur,Maharashtra,India,400671,2006-07-11,Urban,Health,SM1014,924575916768
2025-08-12,AG1100,Ojas Agrawal,M,1987-10-25,UID-967671934908,LIC/De/79191,2018-10-30,2029-03-02,CO,LFE,8,Hindi/English,99492357634,ojas54@example.com,H.No. 72- Bhakta Nagar,Devi Zila,Street,New Delhi,New Delhi,Delhi,India,110067,2017-04-05,Urban,Life,SM1029,320416428039
2025-08-12,AG1101,Krish Raja,F,1976-03-06,UID-147258898792,LIC/Ma/21417,2016-11-12,2029-02-07,IM,GEN,10,Hindi/English/Marathi,98575139010,krish79@example.com,045- Kurian,Ganesan Zila,Street,Nagpur,Nagpur,Maharashtra,India,414377,2015-02-05,Urban,Combo,SM1042,975703925115
2025-08-12,AG1102,Aarna Krishnamurthy,F,1992-05-27,ADHAR-1686-8995-9254,LIC/Ka/19267,2023-10-03,2026-09-18,MI,GEN,2,Hindi/English/Kannada,97702688130,aarna54@example.com,H.No. 77 Buch Road,Dada Marg,Street,Mysore,Mysore,Karnataka,India,566048,2022-08-31,Urban,Motor,SM1017,375636321345
2025-08-12,AG1103,Sana Sethi,M,1975-12-03,VOTER-D889661,LIC/De/23312,2013-06-11,2026-05-09,CO,LFE,13,Hindi/English,98430732439,sana71@example.com,06/29 Acharya Nagar,Kashyap Chowk,Street,New Delhi,New Delhi,Delhi,India,110014,2012-01-24,Urban,Motor,SM1009,594042009765
2025-08-12,AG1104,Hazel Chauhan,F,1989-02-09,ADHAR-5814-4608-6636,LIC/Ka/42440,2012-01-06,2028-10-25,BO,GEN,14,Hindi/English/Kannada,99245377888,hazel21@example.com,H.No. 18 Bora Path,Ram Zila,Street,Mysore,Mysore,Karnataka,India,562854,2011-01-19,Rural,Motor,SM1034,227724886402
2025-08-12,AG1105,Zaina Borah,F,2002-06-06,ADHAR-6312-8421-5529,LIC/We/39011,2025-06-23,2026-05-30,MI,GEN,3,Hindi/English/Bengali,98116744036,zaina90@example.com,27/94 Dhar Zila,Boase Nagar,Street,Howrah,Howrah,West Bengal,India,776922,2021-11-08,Urban,Health,SM1006,934664043564
2025-08-12,AG1106,Arhaan Kara,F,1997-03-08,VOTER-E501489,LIC/Ma/12637,2022-08-10,2029-06-10,MI,GEN,11,Hindi/English/Marathi,97592821077,arhaan76@example.com,H.No. 363 Chad Circle,Bhagat Path,Street,Nagpur,Nagpur,Maharashtra,India,482816,2014-07-30,Rural,Combo,SM1038,244516881730
2025-08-12,AG1107,Renee Chand,F,2001-04-06,ADHAR-2303-4924-2201,LIC/Ma/18911,2025-03-05,2028-03-19,IM,LFE,0,Hindi/English/Marathi,97659531449,renee99@example.com,46/213 Deo Marg,Kamdar Zila,Street,Pune,Pune,Maharashtra,India,433817,2025-01-05,Urban,Motor,SM1042,685550167400
2025-08-12,AG1108,Kismat Bail,M,1991-08-20,VOTER-E777903,LIC/We/44746,2007-06-28,2029-08-25,PO,GEN,18,Hindi/English/Bengali,97408557841,kismat94@example.com,11/214 Chander Path,Trivedi Marg,Street,Kolkata,Kolkata,West Bengal,India,757574,2007-06-06,Urban,Life,SM1021,834253554497
2025-08-12,AG1109,Samiha Lad,M,1990-01-26,UID-497257745336,LIC/De/80306,2023-12-27,2027-04-22,CO,GEN,12,Hindi/English,98520462206,samiha56@example.com,80/769- Chandran Ganj,Sankaran Nagar,Street,New Delhi,New Delhi,Delhi,India,110055,2013-06-14,Rural,Combo,SM1044,675018913368
2025-08-12,AG1110,Elakshi Vora,M,1965-09-11,UID-526441901664,LIC/Ma/13027,2018-08-15,2028-02-18,CO,LFE,10,Hindi/English/Marathi,97204984357,elakshi19@example.com,91/29 Joshi Nagar,Upadhyay Nagar,Street,Nagpur,Nagpur,Maharashtra,India,440437,2015-04-17,Urban,Life,SM1033,323327648519
2025-08-12,AG1111,Shlok Doshi,M,1997-05-01,UID-978710313873,LIC/De/15565,2021-11-02,2026-12-01,CO,GEN,5,Hindi/English,97778274607,shlok28@example.com,H.No. 70 Krish Marg,Datta,Street,New Delhi,New Delhi,Delhi,India,110071,2020-02-25,Urban,Motor,SM1011,149619895642
2025-08-12,AG1112,Rasha Anand,F,1971-03-18,VOTER-D802223,LIC/Ma/41089,2021-10-22,2030-06-09,PO,HLT,11,Hindi/English/Marathi,97497694836,rasha76@example.com,09 Kanda Zila,Sahota,Street,Nagpur,Nagpur,Maharashtra,India,466814,2014-07-26,Urban,Motor,SM1008,044140095050
2025-08-12,AG1113,Himmat Bajaj,M,1985-01-31,VOTER-C854798,LIC/We/79340,2025-05-05,2026-10-24,PO,GEN,2,Hindi/English/Bengali,98295239402,himmat92@example.com,89/92- Rau Chowk,Swamy Marg,Street,Howrah,Howrah,West Bengal,India,709098,2023-05-13,Urban,Life,SM1029,149598934125
2025-08-12,AG1114,Miraan Chada,F,1987-06-18,ADHAR-8688-7931-4092,LIC/We/24404,2016-11-05,2029-05-30,IM,LFE,10,Hindi/English/Bengali,97271329087,miraan35@example.com,H.No. 466- Chaudhary Chowk,Singh Nagar,Street,Kolkata,Kolkata,West Bengal,India,732564,2015-06-07,Urban,Life,SM1025,738577723367
2025-08-12,AG1115,Dhanuk Grover,M,2002-06-16,ADHAR-9501-2734-3694,LIC/De/20747,2025-01-13,2028-11-29,IM,GEN,2,Hindi/English,97242963791,dhanuk46@example.com,67- Swaminathan Nagar,Goswami Street,Street,New Delhi,New Delhi,Delhi,India,110085,2023-06-24,Urban,Health,SM1043,721726330607
2025-08-12,AG1116,Amani Bhatia,M,1978-10-11,ADHAR-2236-6203-2979,LIC/Ma/87229,2019-01-25,2027-10-08,PO,LFE,15,Hindi/English/Marathi,97018465436,amani63@example.com,12/063- Brar Marg,Dhar Chowk,Street,Nagpur,Nagpur,Maharashtra,India,484447,2010-03-12,Rural,Life,SM1033,757383350058
2025-08-12,AG1117,Anvi Sha,F,1985-10-07,ADHAR-5251-2709-7246,LIC/De/47019,2023-04-03,2027-09-06,PO,GEN,3,Hindi/English,99924185516,anvi68@example.com,53/916 Sarraf Chowk,Soni Path,Street,New Delhi,New Delhi,Delhi,India,110018,2022-05-08,Urban,Combo,SM1007,560420558069
2025-08-12,AG1118,Yakshit Saxena,M,1967-03-10,VOTER-E317035,LIC/Ka/92297,2023-11-24,2028-12-29,PO,LFE,2,Hindi/English/Kannada,99675334925,yakshit83@example.com,102- Sen Circle,Goyal Chowk,Street,Mysore,Mysore,Karnataka,India,585356,2023-06-20,Rural,Combo,SM1013,264823130837
2025-08-12,AG1119,Zoya Wadhwa,M,1974-08-09,UID-588178914588,LIC/Ka/55667,2025-08-06,2030-06-30,IM,HLT,0,Hindi/English/Kannada,99498072714,zoya64@example.com,H.No. 490- Saran Road,Zachariah,Street,Bangalore,Bangalore,Karnataka,India,569701,2025-06-26,Rural,Motor,SM1021,948558178672
2025-08-12,AG1120,Priyansh Mann,F,1992-01-23,VOTER-A279051,LIC/Ma/82004,2022-12-27,2029-06-05,PO,LFE,12,Hindi/English/Marathi,98033910504,priyansh25@example.com,37- Devan,Hora Path,Street,Nagpur,Nagpur,Maharashtra,India,405500,2013-07-17,Rural,Life,SM1009,063032666122
2025-08-12,AG1121,Taimur Kara,F,1975-04-02,UID-181420873077,LIC/Ta/21672,2023-06-17,2029-07-11,BO,HLT,7,Hindi/English/Tamil,97215373845,taimur35@example.com,H.No. 682 Sridhar Ganj,Dhar Chowk,Street,Coimbatore,Coimbatore,Tamil Nadu,India,633190,2018-03-26,Urban,Combo,SM1040,232049395576
2025-08-12,AG1122,Sana Wason,F,1975-02-24,ADHAR-3667-5995-1220,LIC/Ka/89389,2025-03-04,2028-08-22,IM,GEN,4,Hindi/English/Kannada,98573050294,sana50@example.com,H.No. 116 Kala Marg,Andra Path,Street,Mysore,Mysore,Karnataka,India,588659,2021-03-07,Urban,Life,SM1034,350440027609
2025-08-12,AG1123,Tejas Hayer,M,1976-05-26,VOTER-E295540,LIC/Ma/72319,2022-05-03,2029-07-10,CO,HLT,7,Hindi/English/Marathi,99976203401,tejas12@example.com,H.No. 716- Ahuja Path,Kunda Marg,Street,Mumbai,Mumbai,Maharashtra,India,453521,2017-09-13,Rural,Motor,SM1036,217917809230
2025-08-12,AG1124,Mahika Choudhary,M,1988-07-07,UID-828715602748,LIC/We/77430,2025-02-02,2029-12-21,CO,LFE,1,Hindi/English/Bengali,97277869981,mahika86@example.com,39/579- Wagle Zila,Bala Ganj,Street,Kolkata,Kolkata,West Bengal,India,716375,2024-03-25,Urban,Health,SM1047,233171410860
2025-08-12,AG1125,Tanya Lata,M,1994-06-19,UID-903116567478,LIC/Ka/86702,2022-11-21,2029-11-19,PO,LFE,6,Hindi/English/Kannada,97509758049,tanya26@example.com,66/18- Subramaniam Street,Tailor,Street,Mysore,Mysore,Karnataka,India,566503,2018-12-23,Rural,Life,SM1035,495857681860
2025-08-12,AG1126,Divij Sarma,F,1977-12-07,VOTER-B500632,LIC/Ma/17961,2024-04-22,2025-08-21,BO,HLT,3,Hindi/English/Marathi,98880374148,divij54@example.com,H.No. 874- Bhargava,Karan Chowk,Street,Nagpur,Nagpur,Maharashtra,India,413847,2022-01-14,Rural,Combo,SM1022,347557534593
2025-08-12,AG1127,Jiya Sethi,F,1970-01-08,UID-136817952536,LIC/De/55387,2015-09-11,2026-04-22,CO,HLT,16,Hindi/English,99748778955,jiya74@example.com,H.No. 78 Badami Road,Chand Road,Street,New Delhi,New Delhi,Delhi,India,110062,2008-11-17,Urban,Combo,SM1030,306689448065
2025-08-12,AG1128,Ayesha Deo,M,1981-08-03,VOTER-D964301,LIC/De/55756,2025-02-27,2029-02-22,IM,HLT,0,Hindi/English,97965004853,ayesha20@example.com,23/442 Soman Path,Sharma,Street,New Delhi,New Delhi,Delhi,India,110080,2025-01-04,Urban,Life,SM1015,993478097434
2025-08-12,AG1129,Yasmin Balakrishnan,F,1993-02-17,VOTER-C806182,LIC/We/75407,2025-03-26,2029-09-14,MI,GEN,3,Hindi/English/Bengali,98259621052,yasmin55@example.com,89/329 Doctor Road,Walla Ganj,Street,Kolkata,Kolkata,West Bengal,India,748142,2021-12-13,Rural,Motor,SM1010,999273625041
2025-08-12,AG1130,Shanaya Sachdeva,M,1978-11-17,UID-421696060239,LIC/De/10882,2017-01-09,2026-04-29,PO,HLT,11,Hindi/English,99862701424,shanaya63@example.com,H.No. 155 Ravel Circle,Cheema Road,Street,New Delhi,New Delhi,Delhi,India,110019,2013-11-11,Rural,Combo,SM1001,733820529559
2025-08-12,AG1131,Dharmajan Sura,M,1980-12-11,VOTER-A908551,LIC/De/75984,2016-02-19,2028-09-28,PO,HLT,11,Hindi/English,97329053782,dharmajan56@example.com,H.No. 94 Yohannan Marg,Dugal Street,Street,New Delhi,New Delhi,Delhi,India,110022,2013-09-15,Rural,Combo,SM1018,579035574071
2025-08-12,AG1132,Taran Dave,M,1965-03-22,VOTER-C598973,LIC/Ta/53208,2024-07-14,2030-04-22,MI,LFE,1,Hindi/English/Tamil,97016692934,taran46@example.com,57- Ravi Path,Aurora Zila,Street,Coimbatore,Coimbatore,Tamil Nadu,India,631341,2024-04-11,Rural,Life,SM1043,432538184322
2025-08-12,AG1133,Miraya Lal,F,1966-06-15,ADHAR-8386-9389-8005,LIC/Ka/56628,2019-06-17,2029-01-21,PO,HLT,19,Hindi/English/Kannada,98040549341,miraya68@example.com,92/21 Setty Path,Krishnamurthy Chowk,Street,Mysore,Mysore,Karnataka,India,560360,2006-07-13,Urban,Life,SM1031,322198665636
2025-08-12,AG1134,Zaina Basak,F,1979-10-26,VOTER-C236156,LIC/De/43571,2021-06-27,2025-11-24,CO,HLT,6,Hindi/English,98348070877,zaina99@example.com,50/261 Dixit Nagar,Sama Ganj,Street,New Delhi,New Delhi,Delhi,India,110088,2019-04-21,Rural,Motor,SM1001,266041325291
2025-08-12,AG1135,Aaryahi Khatri,F,1969-09-26,ADHAR-3258-2620-3566,LIC/De/49223,2014-07-24,2028-12-02,IM,HLT,18,Hindi/English,98068048444,aaryahi49@example.com,812 Apte Zila,Khatri Road,Street,New Delhi,New Delhi,Delhi,India,110090,2006-08-23,Urban,Motor,SM1019,853666523909
2025-08-12,AG1136,Ira Gaba,F,1974-05-16,UID-321224590918,LIC/De/63034,2023-05-17,2025-12-27,MI,HLT,15,Hindi/English,99596553318,ira34@example.com,34/93 Dhillon Chowk,Sant Marg,Street,New Delhi,New Delhi,Delhi,India,110032,2010-06-09,Urban,Combo,SM1044,863651906963
2025-08-12,AG1137,Rhea Khatri,M,1979-09-04,VOTER-B706984,LIC/De/41611,2019-06-07,2026-03-31,CO,HLT,9,Hindi/English,98916858141,rhea37@example.com,681 Gandhi Street,Venkatesh Street,Street,New Delhi,New Delhi,Delhi,India,110082,2016-01-02,Rural,Life,SM1022,350133220922
2025-08-12,AG1138,Myra Tripathi,M,1978-01-27,VOTER-B929479,LIC/Ka/21933,2024-08-04,2028-04-03,CO,GEN,2,Hindi/English/Kannada,97952937810,myra82@example.com,33 Bir Chowk,Mand Marg,Street,Bangalore,Bangalore,Karnataka,India,562237,2023-01-14,Urban,Life,SM1038,665478608115
2025-08-12,AG1139,Mishti Bedi,F,1983-01-20,ADHAR-6278-7816-1893,LIC/Ka/36459,2006-11-07,2026-10-30,CO,HLT,19,Hindi/English/Kannada,99771679557,mishti11@example.com,53/747 Tank Path,Kashyap Chowk,Street,Mysore,Mysore,Karnataka,India,564798,2006-07-03,Rural,Health,SM1047,559178335534
2025-08-12,AG1140,Darshit Mani,F,1998-07-26,ADHAR-6467-1565-3672,LIC/Ma/52687,2015-12-23,2029-09-12,IM,GEN,19,Hindi/English/Marathi,99095118185,darshit17@example.com,617 Hayre,Solanki Chowk,Street,Pune,Pune,Maharashtra,India,461589,2006-01-31,Urban,Combo,SM1039,857947776081
2025-08-12,AG1141,Aarav Krishna,M,1998-06-15,VOTER-A627332,LIC/De/51863,2023-10-05,2025-08-24,IM,HLT,18,Hindi/English,97610479007,aarav48@example.com,32/96 Chanda,Sastry Ganj,Street,New Delhi,New Delhi,Delhi,India,110096,2007-05-30,Urban,Life,SM1017,874309636421
2025-08-12,AG1142,Kiara Choudhury,M,1987-07-25,UID-532094041671,LIC/We/72664,2016-09-09,2025-12-29,IM,GEN,12,Hindi/English/Bengali,97651698668,kiara64@example.com,H.No. 35 Sehgal Zila,D’Alia Ganj,Street,Kolkata,Kolkata,West Bengal,India,793585,2012-10-03,Rural,Health,SM1007,270252060755
2025-08-12,AG1143,Ela Ramakrishnan,F,1971-12-20,ADHAR-3200-8673-2690,LIC/Ta/48818,2024-02-11,2028-08-29,IM,LFE,4,Hindi/English/Tamil,98231410545,ela26@example.com,H.No. 59- Atwal Marg,Tata,Street,Madurai,Madurai,Tamil Nadu,India,666314,2021-02-16,Urban,Health,SM1036,400771777045
2025-08-12,AG1144,Anya Kalita,F,1998-08-07,VOTER-C407952,LIC/Ta/46940,2006-10-11,2025-12-04,MI,GEN,19,Hindi/English/Tamil,98272249696,anya35@example.com,41/99 Saxena Road,Chacko Path,Street,Chennai,Chennai,Tamil Nadu,India,613342,2005-12-14,Urban,Health,SM1029,937517873386
2025-08-12,AG1145,Mannat Shankar,M,1990-04-02,VOTER-C686698,LIC/Ka/97469,2020-01-18,2027-10-05,IM,LFE,8,Hindi/English/Kannada,98729079898,mannat60@example.com,H.No. 149- Deep Path,Lata Zila,Street,Bangalore,Bangalore,Karnataka,India,584498,2017-08-10,Rural,Health,SM1012,650970906855
2025-08-12,AG1146,Ryan Chhabra,M,2001-01-01,ADHAR-1648-8397-7219,LIC/Ta/34158,2024-07-22,2026-09-17,CO,LFE,14,Hindi/English/Tamil,97130058628,ryan55@example.com,H.No. 96 Srinivas Road,Date Ganj,Street,Coimbatore,Coimbatore,Tamil Nadu,India,642878,2011-01-22,Urban,Combo,SM1017,505737148707
2025-08-12,AG1147,Keya Datta,M,1975-04-09,UID-826254131166,LIC/We/55387,2024-08-24,2028-01-11,PO,HLT,1,Hindi/English/Bengali,97517028644,keya88@example.com,54/790 Sekhon Ganj,Tandon Road,Street,Howrah,Howrah,West Bengal,India,727710,2024-08-06,Rural,Motor,SM1010,690095992899
2025-08-12,AG1148,Aaina Rao,F,1990-12-30,ADHAR-6220-3389-3732,LIC/We/68591,2020-10-17,2030-05-09,MI,HLT,5,Hindi/English/Bengali,99210371944,aaina61@example.com,48/324 Chatterjee Street,Vig Marg,Street,Howrah,Howrah,West Bengal,India,768196,2020-07-14,Rural,Health,SM1013,251675953780
2025-08-12,AG1149,Pari Divan,M,1967-05-04,ADHAR-4801-7032-6937,LIC/We/50067,2022-09-26,2028-10-22,MI,GEN,11,Hindi/English/Bengali,98829215256,pari44@example.com,H.No. 916- Rajagopalan,Sengupta Street,Street,Kolkata,Kolkata,West Bengal,India,756289,2014-05-31,Urban,Life,SM1011,011718178034
